name,address,lat,lng,scale,contact,web,description,source,tags
Hab-Fab,"12 rue du Commerce, 34000 Montpellier",43.602774,3.868694,,contact@hab-fab.com,http://www.hab-fab.com,Coopératives ayant comme vocation  le développement et l'accompagnement de projets d'habitat participatif dans la région Occitanie.,misc,home up1610
"La Goronnière, GAEC Radis & Co",Montflours,48.184135,-0.7332824,,,http://radis.et.compagnie.free.fr/,Ferme La Goronnière. voir https://www.mediapart.fr/portfolios/militer-autrement-la-ferme-la-revolution-sans-pretention,misc,agriculture up1610
Le Carrouège/ éco-lieu du Morvan,"Carrefour de vauclaix, 58140 Vauclaix",47.232066,3.824625,,ecolieu@adretmorvan.org,http://www.adretmorvan.org,"L’écolieu est le résultat d’une démarche citoyenne, collective et coopérative. Cette aventure a débuté de manière effective lors d’une réunion de présentation le 19 octobre 2014. Un groupe d’environ 30 personnes s’est constitué. Organisées en groupes de travail, elles ont donné vie au projet. L’écolieu du Morvan,  ""Le Carrouège"", a ouvert ses portes le 16 mai 2015.",misc,home eat up1610
Le CLAC,Vallon de Londres - Plateau de Viols (Hérault - 34) ,43.7908,3.73167,,,http://wiki.coop-tic.eu/wikis/clac/wakka.php?wiki=PagePrincipale,"Le Collectif Local d'Actions Citoyennes du vallon de Londres et du plateau Violien est un espace d'expériences sociales de proximité qui vise à fédérer les habitants, lancer des initiatives et être force de proposition. Réseau informel, auto organisé et indépendant, né le 6 juin 2015, il s'inscrit dans une démarche de solidarité et de développement local et durable.",misc,group up1610
Ecole Montessori Gondecourt,"97 rue de la barre, 59147 Gondecourt",50.33138,2.58336,,contact@montessori-gondecourt.fr,http://www.montessori-gondecourt.fr,"L’école est une association loi 1901 à but non lucratif et d’intérêt général, basée à Gondecourt, près de Lille.  Situé sur un terrain maraîcher d'agriculture biologique, notre yourte accueillera en octobre 2016, 17 enfants de 3 à 6 ans, encadrés par deux éducatrices formées à la pédagogie Montessori et ) la communication bienveillante.  L’association repose sur les valeurs suivantes : le respect (des enfants, des hommes, de l’environnement), le partage et l’échange.  Nous souhaitons promouvoir la pédagogie Montessori, la communication non violente, la bienveillance, la discipline positive, mais aussi la permaculture. L’école organisera des ateliers Montessori pour les enfants et des conférences autour de la parentalité afin de faire découvrir ces notions au delà du cercle des parents d’élèves.",misc,education up1610
"café associatif ""les femmes s'inventent""","10 rue Léon Schwartzenberg, 75010 Paris",48.875911,2.353765,,cafelesfemmessinventent@gmail.com,https://www.facebook.com/cafelesfemmessinventent/,"Café restaurant citoyen, associatif, collaboratif, ouvert à tous les habitants désireux de s’impliquer dans la vie de leur quartier, animés par les valeurs de mixité, de solidarité et d’égalité.'Lieu d’échange, du partage qui reprend le sens du verbe « restaurare, nourrir, réparer, reconstruire. 'Espace de débats, d’ateliers, de projections, d’expérimentations. Le café n’a aucun but lucratif.",misc,eat creation up1610
grainothèque,"31 rue du Centre, 4140 Sprimont",50.5033783,5.6616762,,bibliosprim@gmail.com,http://bibliothèquedesprimont.be,,misc,words up1610
réZonance,"Le Village, 07200 St Etienne de Boulogne",44.6987136,4.4781564,,sylvain.lion@rezonance.media,http://rezonance.media,"Média participatif de proximité, implicant les habitants des territoires d'intervention, et mettant en valeur des propositions d'alternatives.",misc,media video audio up1610
Paul à Bugarach,11190 Bugarach,42.8667,2.38333,,paul.bugarach@outlook.com,https://www.facebook.com/paul.bugarach,"montagne sacrée, ésoterisme et extraterrestres - très bonne eau de source non calcaite, très belle montée au pic en 1h30 panorama divin, habitants agréables, petit lac",misc,love earth creation up1610
Vers l'écolieu,137 avenue de choisy 75013 Paris,48.8255106,2.604,,verslecolieu@gmail.com,http://www.ecolieu.fr,"Groupe associatif convivial, évolutif et inclusif ayant pour but de fédérer des porteurs de projets avant de prévoir une installation commune à partir de 2019. Organise de nombreuses rencontres thématiques autour de la découverte d'initiatives alternatives.",misc,group home up1610
Stick,"19 route des romain koenigsoffen, Strasbourg",48.5798903,7.7193798,,ateliervelokoenigshoffen@gmail.com,,Auto réparation de vélo (affilié a Bretz selle),misc,move object up1610
Coopérative Andines,"5 Rue de La Poterie, 93200 Saint-Denis",48.94362,2.3449117,,andines@nnx.com,http://www.andines.com,"Cooperative pour une économie équitable, respectueuse des hommes et de la nature",misc,work economy up1606
PARTAGIR,34500 BEZIERS,43.3494637,3.1691589,city,contact@partagir.com,http://www.partagir.fr,"Partagir peut être une aide efficace au mouvement citoyen ""Nuit debout"" en train de naître. En effet, nous nous sommes organisés sur la base des textes fondateurs des cercles de Podemos en Espagne, et nous nous sommes entraînes à maîtriser la méthode utilisé par les citoyens de Saillans dans la Drôme pour co-diriger le village avec des citoyens élus et choisis par eux... Nous pouvons donc aider à créer la continuité et le développement des nombreuses commissions thématiques qui se sont créés à ""Nuit debout"".",misc,group up1606
"LE PETIT GRAIN, café associatif","20, rue albert 1er - 83630 Bauduen",43.616667,6.233333,,cafe.petitgrain@gmail.com,http://www.leplancherdeschevres.fr,"Le Petit Grain est un café associatif géré par l'association Le Plancher des Chèvres. Il propose une programmation éclectique plusieurs fois par semaine : ateliers, projections, conférences, spectacles, concerts... Derrière le bar vous trouverez des bénévoles pour vous servir des boissons locales et/ou biologiques. Placé sous le signe de la convivialité (borne ""livre service"", ludothèque...) c'est un endroit pensé par et pour les habitants du territoire mais aussi pour les visiteurs curieux de sortir des sentiers du tourisme de masse. Afin de pouvoir consommer dans notre café il vous faudra devenir adhérent de l'association (en prix libre, minimum 1€).  consultez notre programme sur notre site internet : http://leplancherdeschevres.fr/cafe.html ",misc,eat creation up1606
Coopérative d'Activités et d'Entrepreneurs MOSAÏQUE,"28 rue du grand pré, 04130 Volx",43.875766,5.844823,,cae.mosaique@live.fr,http://www.caemosaique.fr/,"Une coopérative d'activités est une entreprise partagée. C'est une alternative à la création d'entreprise individuelle, Un cadre collectif et coopératif innovant qui permet de développer des activités diverses en mutualisant outils, compétences et savoir-faire.",misc,work economy up1606
Pro Bono Lab,"132 rue Martre, 92110 Clichy",48.907414,2.302417,,contact@probonolab.org,http://www.probonolab.org,Pro Bono Lab est un laboratoire d'innovation citoyenne spécialisé en bénévolat de compétences et mécénat de compétences,misc,work up1606
Locaux Motiv',"10 bis rue Jangot, 69007 Lyon",45.7517287,4.8403026,,contact@locauxmotiv.fr,http://www.locauxmotiv.fr,"Locaux Motiv' est un tiers-lieu associatif. 600 m2 d'espaces de travail, de rencontres, de convivialité mutualisés, des projets menés par Locaux Motiv' avec les acteurs du territoire. Une soixantaine d'acteurs associatifs, entreprises, collectifs informels mutualisent, coopérent et animent, à la fois leurs propres projets et en iien avec les projets de Locaux Motiv'. ",misc,work economy up1606
Syndicat Potentiel,"13 rue des Couples, 67000 Strasbourg",48.579086,7.7511208,,syndicatpotentiel@gmail.com,http://syndicatpotentiel.free.fr,"A Strasbourg, le Syndicat Potentiel est un espace de création, de rencontres et d'expériences artistiques. Il a été initié en 1992 sous la forme d'une association (Le Faubourg) regroupant une dizaine d'étudiants de la HEAR - Haute Ecole des Arts du Rhin* à Strasbourg dans le but de constituer un espace indépendant de diffusion d'art contemporain. Depuis près de 25 ans une programmation annuelle d’expositions anime son espace, impliquant des artistes plasticiens, des collectifs, des associations, des réseaux artistiques et des partenariats multiples et variés. Le projet artistique actuel du Syndicat Potentiel est de susciter des croisements nouveaux entre la création artistique contemporaine et des questionnements propres au monde d'aujourd'hui, qu'ils soient d'ordres sociaux, économiques, politiques, écologiques…. Depuis sa création plus de 250 expositions ont été ainsi organisées, invitant prés de 600 artistes plasticiens et autres intervenants. ",misc,creation up1606
grain de SEL,"les bois de la justice, 28410 Bû",48.8118895,1.500052,,grainsel@gmail.com,http://grain2sel.net,"Un système d'échange local est un système d'échange alternatif au système monétaire et économique traditionnel. Il rassemble au sein d'une association ou d'un réseau des personnes qui échangent entre elles des biens et des services, sans souci mercantile et sans utiliser d'argent.",misc,work economy up1606
sel'alternative,"les bois de la justice, 28410 Bû",48.81189,1.50006,,selaternative@gmail.com,http://selalternative.communityforge.net/,"permettre aux associations alternatives de mutualiser leurs moyens humains et matériels, leur permettre de communiquer entre elles et leur donner de la visibilité",misc,work economy up1606
Les Jardins du Plateau Picard,"1 bis rue du Tour de Ville, Argenlieu, 60130 Avrechy",49.452388,2.4444475,,jardinspp@wanadoo.fr,http://www.lesjardinsduplateaupicard.fr/,"Les Jardins du Plateau Picard proposent à des personnes fragilisées par l’absence d’emploi une situation de travail par la pratique d’un maraîchage respectueux de l’environnement, afin de favoriser leur retour à l’emploi. Chaque semaine, la production est distribuée équitablement à l’ensemble des adhérents sous la forme de paniers légumes dont le contenu correspond à la consommation moyenne d’une semaine pour 2, 4, 6 personnes et plus suivant les choix des adhérents.",misc,agriculture eat work up1606
La JUNCHA,"Le Moulin du Serre, 05260 Saint Léger les Mélèzes",44.39179,6.12055,,coordination.lajuncha@gmail.com,http://www.lajuncha.fr,"L’activité de l’association est de gérer une épicerie proposant des produits Bio et locaux et d’animer un café, en suivant les orientations de ses statuts : animer un lieu transgénérationnel, interassociatif et d'animation culturelle ; maintenir et  promouvoir une agriculture de proximité, écologiquement saine, socialement équitable et économiquement viable ; développer des relations privilégiées entre consommateurs et producteurs.",misc,agriculture eat creation up1606
Filière Paysanne,"51 Bd Chave, 13005 Marseille",43.2953697,5.3880597,,filiere.paysanne@gmail.com,http://filiere-paysanne.blogspot.fr/,"Filière Paysanne est une association indépendante qui agit pour une agriculture et une alimentation locale. Depuis 2009, Filière Paysanne accompagne la création d'épiceries paysannes contribuant au développement des circuits courts et à une distribution équitable et écoresponsable, respectueuse du paiement juste du travail des paysans et de la transparence des filières. Filière Paysanne a participé à la création et à la pérennisation d'une Plate-Forme Paysanne locale. L'association milite au niveau national pour la préservation des terres agricoles, et propose au niveau régional des politiques alimentaires territoriales.",misc,agriculture eat up1606
Laboratoire d'Aix-Périmentation et de Bidouille,413 Avenue Gaston Berger 13100 Aix-en-Provence,43.51373,5.45097,,contact@labaixbidouille.com,http://labaixbidouille.com/fablab/,"Le L.A.B (Laboratoire d’Aix-périmentation et de Bidouille) a pour objectif de favoriser l’émergence d’un espace collaboratif et communautaire d’échange technologique à Aix-en-Provence. Collaboration, Expérimentation, Fabrication, Développement et Programmation, Formation et Échanges sont autant de mots qui définissent notre projet à haute teneur humaine et technologique. La vocation de cet espace est de devenir le premier Fab Lab en pays d’Aix, ouvert au public et respectant la charte du MIT.  Le Fab Lab d’Aix est  actuellement hébergé par le site Gaston Berger de l’IUT d’Aix-Marseille. Dans le cadre du projet Fab Lab provence, le CEEI Provence, acteur de l’innovation en Paca, s’associe au L.A.B, à Design the Future Now et à la Communauté du Pays d’Aix pour initier la création d’un Fab Lab rayonnant sur la Provence dont l’ancrage principal sera situé  au centre-ville d’Aix-en-Provence.  Vous pouvez nous retrouver tous les avant derniers vendredi du mois à partir de 19h pour nos soirées Geek Bidouille.  Rejoignez nous !  Que vous soyez industriel, start-uper, chercheur, étudiant, enseignant, artiste, particulier, passionné ou tout simplement curieux, si vous êtes intéressé par la fabrication personnelle, le développement logiciel, la réalisation et la mise au point de prototypes, les logiciels libres, l’open hardware, le DIY, la bidouille (Hacking), nous avons besoin de vous pour nous aider à faire vivre et prospérer cette nouvelle communauté ouverte de Makers Aixois.",misc,science web object energy up1606
Atelier de co-réparation de Nantes,Nantes,47.2253142,-1.679419,city,atelier.coreparation.nantes@gmail.com,https://www.facebook.com/AtelierDeCoReparationDeNantes/,"Rencontre ouverte à toutes et tous, entre bricoleurs.reuses expert.e.s ou amateurs.trices, bidouilleurs.reuses et toute personne souhaitant apprendre à réparer soi-même ses objets.",misc,object up1606
Le LAC,"82a rue Ulens, Bruxelles",50.8626539,4.3404527,,lemaildulac@gmail.com,https://www.facebook.com/Le-Lac-1516123585267493/,centre culturel alternatif et lieu d'inovation des paradigmes socio-professionels.,misc,creation up1606
Une petite marche pour une grande démarche,"1 Route de la Faisanderie, 77300 Fontainebleau",48.405328,2.67759,,unepetitemarche@gmail.com,http://unepetitemarche.jimdo.com,"Le rôle des membres de ce groupe facebook est de se retrouver une fois par mois pour ramasser les déchets en Forêt de Fontainebleau (77) ou ailleurs. Ils et elles ne sont ni auto-entrepreneur-e-s, ni associé-e-s, ni syndicalisé-e-s, simplement de simples citoyen-ne-s amoureux-ses de leur région.",misc,earth up1606
L'ADREY DE LONSEMARD,73110 La Table,45.484209,6.176992,En Savoie près de La Rochette,sylvain.rochex@gmail.com,http://www.descolarisation.org,Lieu de permaculture à 900 mètres d'altitude dans cadre sauvage,misc,agriculture up1604
CICP - Centre International de Culture Populaire,"21 Rue Voltaire, 75011 Paris, France",48.8527175,2.3916564,,,http://www.cicp21ter.org/,"Le Centre international de culture populaire, anciennement situé rue de Nanteuil à Paris, est né en 1976 d’une volonté politique de mettre des moyens matériels et humains à la disposition d’associations soutenant des luttes de libération nationale, défendant les Droits de l’homme, solidaires avec les travailleurs immigrés, pour faciliter leur travail et développer la solidarité",misc,up1604
Comune libre d'Aligre,"3 Rue d'Aligre, 75012 Paris, France",48.8479504,2.3771807,,,http://cl-aligre.org,"Cette association a pour buts : l’animation sociale, culturelle et sportive du Quartier d’Aligre, la défense de son environnement et de son cadre de vie, la promotion de l’entraide et de la solidarité entre ses habitants",misc,up1604
La Récupérathèque,"ENSBA, Lyon",45.76786,4.8148403,,,http://recuperatheque.wix.com,Une association d’étudiants qui met en place un écosystème de matériaux de réemploi.,misc,up1604
COOPAPARIS,59 rue Stephenson 75018 Paris,48.8899063,2.3557088,Paris,coopaparis@laposte.net,http://www.coopaparis.fr,Coopaparis est une aventure de consommateurs citoyens. Leur désir : accéder à de bons produits à un prix raisonnable tout en soutenant une agriculture respectueuse de l’environnement,misc,up1604
Vélo Utile,29 rue du Légué 22000 Saint Brieuc,48.520196,-2.763652,Aglomération de Saint Brieuc,contact@velo-utile.fr,http://www.velo-utile.fr,Atelier d'autoréparation de vélos. Vélo Utile a également un rôle de réprésentation des usagers de bicyclette sur l'aglomération et d'animations autour de l'usage quotidien du vélo.,misc,move up1604
Mas des Tours,Les tours  12140 Florentin la capelle,44.635725,2.608404,Nord Aveyron,mas.des.tours@gmail.com,http://www.masdestours.com/,"Notre désir est de redonner vie à ce petit hameau niché à 550 mètre, à mis chemin entre Entraygue-La-Truyere et Florentin la capelle, pour ce faire nous souhaitons mettre en place diverses activité visant à redinamiser le hameau. Les pistes explorées sont :  - L'implentation de 6 Tentes Lodges Pour les vacanciers qui aspirent au calme et à un écrin de nature, une série de tentes lodge aménagées seront à louer pendant la saison estivale.  - La mise en place d'une exploitation maraichaire en agriculture biologique. Grâce à la permaculture, un potager bio nous permet de cultiver sainement nos légumes un vergé, quelques abeilles, des fleurs, tout un écosystème qui n'a besoin ni de pesticide, ni d’engrais pour nous régaler. - L'aménagement d'un gite pouvant accueillir des groupes de Voltaires Le hameau étant livré à lui même depuis quelques années, nous aurons bien besoin de bras pour retrouver sa splendeur, afin de loger les volontaires qui souhaiterons nous épauler dans ce projet, une grange sera aménagée en gîte confortable.",misc,agriculture up1604
Récoltes locales,"Soleilhavoup, 19460 NAVES",45.33686400000001,1.7491979999999785,Limousin,contact@recolteslocales.fr,http://www.facebook.com/lesrecolteslocales/,"Magasin regroupant uniquement des produits locaux, issues de petites exploitations agricoles respectueuses de l'environnement ou certifiées bio.",misc,up1604
Local de la JC42,3 rue Brossard 42000 Saint-Etienne,45.4404817,4.3874288,,,http://www.jeunes-communistes-42.org,"       Nous sommes une section créée avec une poignée de militants au cours du mouvement anti-CPE. En nous organisant, nous aurons réussi à vite couvrir totalement la Loire et nous sommes comptés aujourd’ hui comme la plus grosse organisation politique de jeunes du département.  Statutairement indépen- dants de tout parti, nous fonctionnons de manière autonome et nous sommes auto-financés.   Nous privilégions la lutte sur le terrain, au plus près de la vie de chacun, dans les lycées, à l’université, sur les lieux de travail. Ainsi nous sommes organisés en trois secteurs, les Jeunes Com- munistes Lycéens (JCL), l'Union des Étudiants Com- munistes (UEC) et les Jeunes Travailleurs Com- munistes (JTC).  Nous avons réussi, au fil des années, à créer un réseau important de partenaires, sur diverses thématiques s'enveloppant dans une lutte plus globale contre le capitalisme.  Nous œuvrons pour la justice sociale, pour un monde de paix, de solidarité et de coopération. Notre lutte est celle qui consiste à placer l’homme au dessus des mécanismes du marché.",misc,up1604
C'est déjà ça,"17 rue Chef de Ville, 77730 SAACY-SUR-MARNE",48.9616293,3.207612,,,http://www.cestdejaca.fr,café librairie et espace culturel et artistique,misc,up1604
Café de la Pente,56220 Rochefort en Terre,47.6982911,-2.3500663,,,http://www.lepotcommun.com,"Le café de la pente est ouvert du jeudi au dimanche, à partir de 18h !",misc,up1604
Ferme collective de la Tournerie,"La Tournerie, 87500 Coussac Bonneval",45.5570942,1.2725114,,,http://www.fermecollectivedelatournerie.com,,misc,up1604
Habitat groupé en yourte,1229 chemin du rû migaille 88240 les voivres,48.0328611,6.2779502,,yourtes.vovires@laposte.net,http://www.yourtesvoivres.wix.com/yourtes,"habitat groupé en yourte regroupant 2 foyers et un atelier. Possibilité de faire du wwoofing, helpx, des chantiers participatif. Certains fabriquent des yourtes, d'autres jardinent,... Nous faisons un jardin inspiré de la permaculture et de la biodynamie. ",misc,up1604
La Maison d'Ernestine,Concoret,48.06748,-2.2009,,maison_ernestine@riseup.net,http://www.maisonernestine.fr,"une maison d'activités ouverte à tous, un lieu convivial de rencontres et d'échanges autour d'un bar associatif",misc,up1604
Les Hangards Hagards,Concoret,48.06751,-2.20095,,,http://www.franceculture.fr/emissions/terre-terre/alternatives-en-bretagne-les-hangars-hagards-concoret,,misc,up1604
Collectif NOOM,Campénéac (56),47.9607167,-2.3489854,,,https://www.facebook.com/Collectif-NOOM-1531812393744359,,misc,up1604
Le Champ Commun,56800 AUGAN,47.9108417,-2.3422829,,,http://www.lechampcommun.fr/,"la radio locale associative TimbreFM, une épicerie, une micro-brasserie et un bar, association Localidées",misc,audio up1604
La Fiest'Abeilles,"Vaux-Sous-Aubigny, Champagne-Ardenne, France",47.6495056,5.2375816,,,https://www.facebook.com/events/196765010673406/,,misc,up1604
La Cantoche,"204 rue Jean-Jaurès, Brest",48.3992994,-4.475254,,,http://www.lacantochebrest.com/ — http://www.cotebrest.fr/2016/03/08/la-cantoche-ouvrira-lundi-14-mars/,cantine associative solidaire,misc,eat up1604
"Bruxelles, mode d'emploi","Bruxelles, Belgique",50.8640561,4.2940205,city,,http://maps.dewey.be/ - http://dewey.be/,"« Bruxelles mode d’emploi » est une carte de la région bruxelloise qui dresse l’inventaire de nos ressources partagées. Par cela, on entend : les ressources qui revêtent un caractère non-propriétaire, de libre accès, de don, de mise en partage. Concrètement, les points de la carte renvoient à des lieux liés au partage de ressources aussi diverses que l’habitat, les denrées alimentaires, les biens de première nécessité, les moyens de transports, les outils de travail et les éléments de patrimoine naturel",misc,list map up1604
Initiatives de transition en Wallonie et à Bruxelles,Belgique,50.8137563,3.9822835,region,,http://www.reseautransition.be/les-initiatives/,,misc,list map up1604
"Circuits courts: consommer, produire et épargner autrement",Belgique,50.8102854,4.1855306,region,,http://www.circuits-courts.be/,"alternatives de consommation, d'épargne et de production locales, équitables,  durables, saines, et transparentes",misc,list map up1604
Festival La Voie est Libre,"Autoroute A186, Montreuil",48.8700556,2.4508946,,lavoieestlibre.copil@gmail.com,http://www.lavoieestlibre.org/,"Eco-festival citoyen sans pétrole ni nucléaire sur l'autoroute ! Créée par un collectif citoyen en 2009, La Voie est Libre rassemble plus de 35 000 promeneurs, 300 artistes, 100 associations, 500 bénévoles sur 2km d'autoroute.",misc,list space creation up1604
Association On loge à pied,"3, les cabanes, 79150 Argenton-les-Vallées",46.9820116,-0.4993479,,,http://www.onlogeapied.fr/,,misc,group up1604
Siam Amap'orte,"Patronage laïque Sanquer, 26 Rue Choquet de Lindu, Brest",48.3912641,-4.4757278,,,http://siamamaporte.canalblog.com/,"Association pour le maintien d'une agriculture paysanne, active depuis 2010. Abonnement aux paniers de légumes bio, aide à la maraîchère, rendez-vous conviviaux, c'est tous les jeudis soir au patronage laïque Sanquer !",misc,agriculture eat up1604
Association A l'art libre,"36 rue de la Libération, 49420 POUANCE",47.74045,-1.177908,,alartlibre@gmail.com,http://alartlibre.wix.com/alartrue,Association d'agitation sociocultulaire en milieu rural visant à valoriser et dynamiser la campagne Haute-angevine par le biais de l'art.,misc,group up1604
Le Mantois en Transition,Mantes-la-Jolie,48.9920934,1.6654478,,,http://transitionmantes.fr/,,misc,group up1604
Ferme écologique de Sajabicu,Penta di Casinca 20213,42.4575156,9.4537611,,pierreandre.cancel@yahoo.fr,,Journées thématiques autour de l'écologie,misc,up1604
oasis lou garoun,26570 reilhanette,44.1750622,5.373468,,lamatiao,,,misc,up1604
Ferme Associative de La Clotière,"Rue de la Clotière, 35235 THORIGNE-FOUILLARD",48.1498101,-1.584605799999963,,lafermeanimation@gmail.com,http://ferme-animation.e-monsite.com,"Ferme pédagogique associative ayant pour but de garder le lien avec la nature et les animaux dans la périphérie rennaise. Panier bio, poules urbaines, potager...",misc,agriculture eat up1604
La Ruche Qui Dit Oui de Chamalières ,"6 rue Amélie Murat, 63400 CHAMALIERES",45.777036,3.067421,,contact@equiterre.org,http://equiterre.eu/equiterre-ouvre-une-ruche-qui-dit-oui-a-clermont-ferrand/,"C'est un circuit court, vous pouvez achetez vos fruits, legumes, viandes, produits laitieres chez les producteurs locaux (moins de 100 km) qui ont des démarches responsables. Vous commandez en ligne et votre commande est distribué au Cook Up café chaque lundi de 17 h à 18h30",misc,agriculture eat up1604
Le Château Partagé,"Le Guicherd, 73610 DULLIN",45.5541111,5.7624224,,contact@lechateaupartage.fr,http://www.lechateaupartage.fr,"habitat groupé de 6 familles avec activités d'acceuil de groupes, maraîchage, boulangerie, autres.",misc,agriculture eat up1604
Groupe local Colibris 24 Bergerac,Bergerac,44.85,0.48333,,bergerac@colibris-lemouvement.org,https://www.facebook.com/profile.php?id=100011383883144,"Colibris, groupe local de Bergerac",misc,group up1604
La liberterre,"12, allée de Bourgville 86420 Monts sur Guesnes",46.91588,0.21244,,francoiscollet@openmailbox.org,,"Ferme bio autogérée sur 15 ha. Production de légumes et pâtes. Deux familles en route vers l'autonomie alimentaire, énergétique ET politique... jusqu'à la commune libre ? Chambre double dispo pour passer nous voir sur demande préalable. ",misc,agriculture eat energy up1604
Atelier du soleil et du vent,"57 avenue de poitiers, 86600 lusignan",46.4439591,0.1312422,,contact@atelierdusoleiletduvent.org,http://www.atelierdusoleiletduvent.org,"L'Oasis de Serendip est un lieu associant production vivrière en permaculture, éducation bienveillante, tourisme responsable et habitat participatif dans la vallée de la Drôme.",misc,agriculture home up1604
Limosin Manon,ZA Penn Ar Roz 29150 Châteaulin,48.208505,-4.060141,,manon.limosin.naturopathie@gmail.com,http://www.manon-limosin.com,association de formation et d'accompagnement à l'autoconstruction et à l'autorénovation énergétique,misc,home energy up1604
Les petites aubuges,"les petites aubuges, 79120 Ste Soline",46.2256151,0.0235584,,lespetitesaubuges@gmail.com,,Pratiques alternatives de santé - Naturopathie,misc,up1604
Ferme les demains dans la terre,Le Pin 44320 Chauvé,47.159831,-2.003225,,lesdemainsdanslaterre@gmail.com,,"Ferme pédagogique en permaculture avec production de légumes, de petits fruits et d'autres ateliers",misc,agriculture eat up1604
Café-Cantine du Commerce,"24, Place du Marché - 86160 Gençay",46.373409,0.40425,,cafecantine@free.Fr,https://www.facebook.com/cafecantinegencay/,"Le Café-Cantine \c un café culturel ouvert sur le monde et le partage, produits bios et locaux, cafés suspendus, concerts, ateliers, rencontres...",misc,creation eat up1604
GiveBox Fontenay,Fontenay-le-Comte,46.4668,-0.8077,,,,e,misc,up1604
Association Au Comptoir du Chinabulle,47 Rue du Château du Roi - 81600 Gaillac,43.8973,1.89782,,aucomptoirduchinabulle@gmail.com,http://www.chinabulle.org,"Le Chinabulle vous accueille dans son espace associatif et vous propose ses services \c Brocante, Friperie, Soirées à thème, Débats, Accès wifi, Laverie...",misc,object up1604
La Fabrique - Era Habrica,Vilatge 65370 Sainte-Marie,42.9724,0.6207,,fabrique@pyraelog.com,http://fabrique.pyraelog.com — http://erahabrica.blogspot.fr,"La fabrique - Era habrica, c'est rassembler un maximum d'habitants de Barousse, Frontignes et au-delà, en touchant les centres d'intérêts les plus divers \c un projet collectif à partir des motivations propres à chacun.\n\nC'est aussi l'idée d'un lieu tout à la fois café-pressoir-grignoterie-spectacles, ateliers de fabrication et de recyclage, espace de travail partagé, coopérative d'activité et d'emploi. Un lieu de ressource pour tous, particuliers comme professionnels. ",misc,up1604
Association Lay t'motiv',6 Rue du Point du jour 42470 Lay,45.9562583,4.2178026,,laytmotiv.barasso@gmail.com,https://www.facebook.com/laytmotiv.barasso,"Café Culturel Associatif Circuits courts de consommation, animation locale",misc,up1604
Le Sentier,Secret Knight 61700 CHAMPSECRET,48.6091389,-0.5514444444444445,,lesentier@protonmail.com,http://www.lesentier.org,"Secret Knight - Vieux pub anglais - Zone d'autonomie temporaire à destination du Mont-Saint-Michel - Marche de 4 jours vers l'autonomie et le mystère - Survie douce, alchimie, légendes, quête du Graal, philosophie, musique et art. Bières artisanales et bio. Concerts, librairie, jeux de société et jeux de rôle",misc,up1604
Lieu de vie autonome du Mont Gardin,49 chemin du Mont Gardin 62340 BOUQUEHAULT,50.813411,1.902027,pas-de-calais,jean-marc.demiautte@orange.fr,https://www.facebook.com/Lieu-de-vie-autonome-du-Mont-Gardin-373375919480680/?ref=aymt_homepage_panel,"lieu de vie autonome en energie, en eau, alimentation",misc,up1604
AMAP de Roanne,Centre Social du Moulin à Vent 42300 Roanne,46.025327,4.053309,Loire,christine.bassot@wanadoo.fr,https://www.facebook.com/amapderoanne/info/?tab=page_info, Association pour le Maintien d'une Agriculture Paysanne.,misc,up1604
Atelier AroCosmeto,70500 Cemboing,47.503,51.25,Haute-Saône,07.84.27.79.83,,Atelier d'aromathérapie et de biocosmétiques. Partage de savoir-faire. Les participants financent leur matériel +10 € la séance pour l'animatrice. ,misc,up1604
LieU'topie,"22 Rue Abbé Girard, 63000 Clermont-Ferrand",45.7763823,3.0849073,,06 82 94 52 73,http://www.lieutopie.org/site/bienvenue-sur-lieutopie/ — https://www.facebook.com/LieUtopie-341164159315748/?fref=ts,Association étudiante culturelle et solidaire. Viens co-kiffer avec nous !,misc,group up1604
Collectif du Chaudron à 1000 Pattes,"71 boulevard aristide briand, bp 126 85000 la roche sur yon",46.670795,-1.431682,,lechaudrona1000pattes@gmail.com,https://www.facebook.com/lechaudronamillepattes/,Collectif de citoyens et d'associaions pour un lieu associatif et solidaire à la roche sur yon.,misc,creation subsist group up1604
ClicAlter,01600 Reyrieux,45.9367841,4.7964156,,clicalter@netc.fr,,"Collectif de citoyens proposant des projets alternatifs de type Incroyables comestibles, jardins partagés, monnaie locale, Service d'échanges local",misc,economy up1604
Collectif anti tafta 55,"33 avenue de la 42e division, 55100 verdun",49.1627547,5.3897116,,,,réunion anti tafta dans les locaux du collectif ATTAC Verdun tous les premiers lundis du mois à 18h30,misc,up1604
Café repair l'escargotier,Verdun,49.16,5.38,,amg55@free.fr,,"café repair des AMG tous les troisièmes mercredis du mois, discussion sur un thème politique ou social choisi la fois précédente, autours d'une bière ou d'une tisane selon l'envie",misc,object up1604
le potager des castors,Pays de Faverges / Bassin annécien,45.7301069,6.2681404,,lepotagerdescastors@ntymail.com,,"Créer un lieu d’échanges et de saines pratiques respectueuses du vivant. Vivre et faire ensemble, produire sain, échanger, former, transmettre en gouvernance partagée et bienveillante!",misc,agriculture up1604
Collectif Transition Citoyenne,Annecy,45.8881858,6.0566042,city,contact@transitioncitoyennesemnoz.org,http://transitioncitoyennesemnoz.org,"Faire connaître et Relier les Citoyens et Organisations responsables en chemin vers une société [plus] humaine, en harmonie avec la nature et le vivant !",misc,up1604
Lab'Rousse,6 La brousse 23500 Croze,45.8261,2.1852,,eric@lab-rousse.org,http://www.lab-rousse.org,"Atelier de création partagé. Travail du métal, bois, verre...  Impression 3D, machines à commandes numériques. Laissez libre cour à votre imagination.",misc,object creation up1604
Rénov'ensemble,"à la MJC, rue de Lorraine 54500 Vandoeuvre-les-Nancy",48.66086,6.16819,,renov.ensemble (at) gmail.com,http://renovensemble.blogspot.fr/,"Groupe d'habitants partageant leurs idées, informations et expériences en matière de rénovation énergétique de leur habitat. Cette mise en commun renforce la capacité de chacun à prendre en main son projet de rénovation. Ouvert à tous et toutes sans conditions.",misc,home energy up1604
L'école à l'envers,31000 Toulouse,43.6006786,1.3628009,city,lecolealenvers@gmail.com,http://lecolealenvers.wordpress.com,"Une école démocratique sous le modèle sudbury Les enfants et adolescent-e-s sont libres de déterminer par eux-mêmes les sujets qui les intéressent, l’emploi de leur temps, et de se regrouper tous âge confondus comme bon leur semble. Il n’y a donc ni cours, ni emploi du temps, ni curriculum imposés ou proposés par défaut.",misc,education up1604
Ecole Joyeuse,12400 Saint Affrique,43.9570446,2.7833175,,ecolejoyeuse@gmail.com,http://ecolejoyeuse.wordpress.com,"Une école démocratique inspirée du vivant, pour réconcilier l’humain avec lui-même, avec les autres et avec la nature. Une école pour tous les âges de la vie sans classes, programmes ni emplois du temps.",misc,education up1604
Flydende By,"Vasbygade 20, 2500 Kobenhaven SV, Copenhague, Danemark",55.6520882,12.5314992,,+45 24 24 51 61 - info@flydendeby.dk - Ask,http://www.flydendeby.org - http://www.facebook.com/flydendeby/,"Projet DIY porté par une communauté de volontaires pirates, construction de bateaux à partir de matériaux recyclés, solutions énergétiques alternatives à partir de matériaux de récupération, ateliers de transmission etc... Venez découvrir les pirates punks de copenhague!",misc,home object up1604
La ficelle,"7, rue du gros sommier 59500 Douai",50.3720214,3.0751214,,06 38 67 19 23,https://www.facebook.com/LaFicelleaficl,"L'association La ficelle a pour objet de promouvoir l'usage des couches lavables. La ficelle propose des réunions de découverte et d'information, du prêt de couches à ses adhérents, l'accompagnement des familles dans la mise en place des nouveaux comportements. Les couches lavables ont changé ; changez pour les couches lavables !",misc,object up1604
Cinéma Lux,6 avenue sainte thérèse 14000 Caen,49.16965870000001,-0.3394147999999859,,02 31 82 29 87 ,http://www.cinemalux.org/,"Cinéma art et essai associatif, engagé dans l'économie solidaire, relais d'Amap, débats documentaires, cafétéria bio et équitable",misc,creation eat up1604
Terre de Vie,117 Bussière Madeleine 23300 La Souterraine,46.2532408,1.4358045,,,http://terredevie.wix.com/terredevie,"Association loi 1901 se reconnecter à la nature à travers la mémoire, le partage, la création et des partenariats avec des peuples ayant conservés ces fondements""",misc,up1604
Connexion Nature,117 Bussière-Madeleine 23300 La Souterraine,46.2533446,1.4353324,,,http://terredevie.wix.com/connexionnature,"Activités, stages, ""rencontrer la nature et se rencontrer soi""",misc,up1604
pourquoitucours,6 rue bude 75004,48.8516588,2.3533525,,,http://pourquoitucours.fr,Conseil en strategie sociale et solidaire,misc,up1604
Collectif #midià14h,20 rue de Robien 22000 SAINT BRIEUC ,48.5051471,-2.7665694,,,https://www.facebook.com/amaccarmor/,"Le collectif #midià14h, association pour le Maintien des Alternatives Culturelles des Cotes d'Armor, lancé en avril 2015, des actions (créations de givebox, conférences, ateliers participatifs) ont permis de créer cette association en mars 2016, de la rencontres des parties prenantes: fondateurs, citoyens, artistes et Cies, partenaires souhaitant ensemble, entreprendre, créer et consommer autrement la culture dans le département. Première action 2016, les premiers paniers culturels KABA#1 dans le 2ème trimestre 2016",misc,agriculture eat up1604
Mains Unies asbl,Rue Albert de Latour 75 1030 Schaerbeek (Belgique),50.8561111,4.3800891,,mainsunies@mainsunies.be,http://www.mainsunies.be,"association propose des activités et des séjours basés sur une participation active de tous à la vie commune, dans un esprit de co-responsabilité et de solidarité.  Elle vise à faire (re)découvrir le plaisir d'une vie simple, la saveur de la rencontre et du partage.  Sous tente ou en gîte, le ""Vilarets"" en sont le fleuron.  Des vacances en communauté, dans un cadre naturel loin du tourisme de masse, qui permettent tant l'intégration au groupe que le besoin de solitude, tout en respectant le rythme de chacun.  Chaque semaine, des bénévoles assurent l'encadrement avec l'aide des participants.  Proposer une balade, organiser un atelier, rejoindre les musiciens ou les danseurs, se réserver un moment de tranquillité... la petite magie du Vilaret est faite de ce chacun y apporte.  Un moment privilégié pour construire ensemble des liens et des ponts.l",misc,up1604
La Centrifugeuz,"6 rue Moliere, Caen",49.1930069,-0.3945171,,centrifugeuz@gmail.com,http://centrifugeuz.org/,"Collectif d'artistes, de strucutres et d'habitants. Situé dans un ancien collège. Bureaux d'associations: Collectif Rast'Art, Oui Mais Nan, Ramp'Art, Sonar, ... ",misc,creation up1604
Public Montessori 14 Une école pour la paix,325 boulevard des Belles Portes 14200 Hérouville Saint-Clair,49.199645,-0.329226,,https://www.facebook.com/ecolepourlapaix/?ref=hl,http://www.public-montessori.fr/,"Nous sommes la délégation départementale d'une association qui vise à sensibiliser à la pédagogie Montessori, à la faire entrer dans l'école publique et à lever des fonds pour acheter du matériel Montessori",misc,education up1604
AMAP Les Croqueurs de légumes,24 rue des Ursulines 72100 LE MANS,48.005235,0.200754,,croqueursdelegumes@free.fr,http://croqueursdelegumes.free.fr,"L'AMAP des Croqueurs de légumes a pour but de créer un partenariat de proximité entre un groupe de consommateurs et une ferme locale, basé sur un système de distribution de « paniers » composés des produits de la ferme.",misc,eat up1604
Groupement d'Achat d'Acoudéo,"5 Impasse des Greletteries, Neuville 36800 Chasseneuil",46.636483,1.4585133,,gada@acoudeo.fr,http://acoudeo.fr,"Groupement d'achat de produits locaux, après midi jeux, soirées festives, concerts",misc,eat up1604
AMAP Les Courgettes de Montluçon,"Brasserie Blondel La Lubie, Av. de l'Europe, 03100 Montluçon",46.352615,2.5923872,,amaplescourgettes@gmail.com,http://www.amaplescourgettes.eu,L'Amap des Courgettes regroupe des consommateurs et une dizaine de producteurs pour proposerune alimentation biologique locale et juste. Elle propose des événements et un site internet pour changer le monde à coups de panier.,misc,eat up1604
Association Libres enfants du Tarn,Centre-ville d'Albi,43.9289691,2.0622603,,libresenfantsdutarn@yahoo.fr,http://www.libresenfantsdutarn.com,"Association de soutien aux parents. On organise des rencontres mensuelles sur des thèmes variés (naissance respectée, allaitement, sommeil, pédagogies alternatives, instruction en famille). Le premier mardi du mois, on organise une réunion de familles non-sco à la ludothèque La Marelle d'Albi.",misc,love group up1604
Ludothèque La Marelle,"12, rue de la violette, 81000 Albi",43.9259226,2.1444196,,contact@ludo-lamarelle.fr,http://www.ludo-lamarelle.fr,Ludothèque associative située dans l'hyper-centre d'Albi et qui a pour philosophie le jeu libre,misc,fun love up1604
Selpowaimes,"B-4950 Waimes, Province de Liège",50.4167,6.1167,,info@selpowaimes.be,http://www.selpowaines.be,"Système d'échange de services, savoirs, savoirs faire et de bien dans la région de Waimes et des Hautes-Fagnes. Les échanges sont mesurés en unité de temps (le Poème) dans le désir d'évoluer fers plus de citoyenneté et solidarité. )",misc,up1604
J'aime Entreprendre asbl,"Gueuzaine, 47 à b4950 Waimes, Hautes fagnes, Province de Liège",50.4166,6.1166,,info@jaime-entreprendre.be,http://www.jaime-entreprendre.be,"J'aime Entreprendre ou l'entreprendre attitude au service de sa région et de ses habitants. Outre sa mission d'animation économique, notre groupement souhaite 1) créer une dynamique de groupe concrétisant des projets à haute valeur ajoutée pour le territoire et sa collectivité, 2) être un relais d'information et une plateforme au service des différentes initiatives portées par tous types d'acteurs. Partenaire des élus locaux, J'E repose sur des valeurs fortes et contribue activement à la transition de notre société .",misc,up1604
L'Aura de Maurienne,Ste Marie de Cuines,45.32644,6.309454,,contact@solidart.net,https://solidartmaurienne.wordpress.com/laura/,"Oeuvre collective monumentale de 5000 m2 en forme d'aura constituée de 42 000 petites auras d'aluminium portant des messages et des dessins gravés par des habitants et artistes du monde entier. Fruit de 15 ans de travail, l'Aura est une invitation à s'engager dans un monde plus ouvert, plus beau, plus spirituel, plus fraternel, l'Aura de Maurienne a été inaugurée en 2007.",misc,creation space up1604
Comme un Poisson dans l'Art,43 avenue de la Gloire 31500 Toulouse,43.606215,1.460027,,contact@commeunpoissondanslart.fr,http://commeunpoissondanslart.fr/,"Comme un Poisson dans l’Art est une association créée en 2007, qui a pour but de soutenir, promouvoir des artistes locaux émergents, les accompagner dans la structuration de leurs projets artistiques et dynamiser leur rayonnement par l’organisation et la production d’évènements. En parallèle, l'association a lancé sur la ville de Toulouse une AMAP Culturelle Les Epuisettes. Ce projet qui vise à développer un esprit solidaire au profit d'un monde plus riche, cultivant les différences et où l'échange est socle d'une construction intelligente. ",misc,creation up1604
Laboratoire Ouvert Lyonnais,7 place Louis Chazette 69001 Lyon,45.77323,4.83724,,root@LaboLyon.fr,https://labolyon.fr/,"Le Laboratoire Ouvert Lyonnais (LOL) est un hackerspace sur Lyon. Le LOL rassemble des passionnés de bidouillages en tous genres. Électronique, informatique, mécanique, chimie, arts numériques, cuisine expérimentale, etc. : chacun amène son savoir-faire et sa curiosité dans un mélange ludique de création, bricolage et de détournement technologique en tout genre. Vous avez un projet à partager ? C'est l'occasion de le présenter, et peut-être trouver de nouveaux contributeurs.  L'une des vocations du LOL est de fournir à ses membres un lieu pour héberger leurs projets ainsi que d'organiser des présentations publiques. Il est aussi ouvert sur l'extérieur par le biais de partenariats avec les institutionnels, animations ou participation à des événements. ",misc,object science up1604
Les Subsistances,"rue de la foucaudière, 72100 Le Mans",47.97745,0.19834,,baltringos@free.fr,,"Le lieu dit ""Les Subsistances"" - mis à disposition par Le Mans Métropole - est géré par l’association le collectif Baltringos regroupant des artistes, des techniciens et des compagnies. Le collectif utilise le lieu pour ses propres créations et accueille en résidences d’autres compagnies le reste de l’année. Pôle de création et de résidences pluridisciplinaires et accueil de structures itinérantes. Résidences de création pour la création de décors, la répétition, la scénographie, la mise en scène pour les arts de la rue, le cirque de création, la danse et les arts visuels. ",misc,creation up1604
Voisins de Paniers,10 Place du Cèdre 22510 Trédaniel,48.360198,-2.617163,,vdp22@orange.fr,http://www.voisinsdepaniers.org,"Association qui diffuse des paniers de produits locaux biologiques ou durables sur le Pays de St Brieuc,qui de fait soutient une agriculture paysanne respectueuse de l'environnement",misc,agriculture eat up1604
COAGUL,3 rue des prairies 21800 Quetigny,47.312385922902365,5.112915337085724,,c-bureau@outils.coagul.org,http://www.coagul.org,Association de promotion du logiciel libre et de GNU/Linux en particulier dont le champ d'action est la Côte d'Or mais s'étend à la Bourgogne,misc,tool science web up1604
L'abscisse,6 impasse Quentin 21000 Dijon,47.3230105,5.0403754,,fablab@outils.coagul.org,http://fablab.coagul.org,"L'abscisse est une des activités de l'association COAGUL, c'est un fablab et un hackerspace dijonnais, c'est un lieu qui permet de réparer, de détourner et de fabriquer. La particularité de LAB6 est qu'il n'utilise que des logiciels libres et ne publie des documents que sous licences libres dans des formats ouverts. LAB6 organise des cafés réparation.",misc,object science web up1604
Cric & Co,31 boulevard Eugène Fyot 21000 Dijon,47.30875781144291,5.016084909439087,,,,"Garage d'autoréparation automobile associatif, participatif et solidaire",misc,object up1604
Café de la Pente,"9, route du vieux bourg 56220 Rochefort en Terre",47.42016,2.20121,,,http://www.lepotcommun.com,"Café associatif, hébergement de résidences d'artistes, concerts",misc,creation up1604
Consom'Acteurs46,,44.736875,1.378325,,amapconsomacteurs46@gmail.com,http://consomacteurs46.fr/,Nous sommes une Association pour le Maintien de l'Agriculture Paysanne (AMAP) qui regroupe 120 familles et 13 producteurs. Nous distribuons en une soirée de quoi nourrir des gens sur le territoire où ils vivent et travaillent.,misc,agriculture up1602
Association Prommata,"La gare, 09240 Rimont",42.98958,1.28038,,05 61 96 36 60 - communication@prommata.org,http://www.prommata.org,"Association a but non lucratif qui fait la promotion de l'agriculture paysanne en traction animale, à travers le développement et la production d'outils modernes, l'organisation de formations, la réalisation de publications, et l'organisation de missions internationales de partages de savoirs faire.",misc,agriculture up1602
Art'Kafé,"Le village, 07170 Mirabel, France",44.5986326,4.4616445,,06 12 90 02 74,http://www.zarinakhan.org/index.php?p=1_54_Art-Kaf,"En l'an 2000 la Compagnie Zarina Khan s'est installée en Ardèche, à Mirabel, où elle a ouvert le premier Centre Culturel Rural:le Art'Kafé. Ici, le public est invité, non pas à « consommer » de l'Art mais à traverser l'espace de création. Les ateliers d'écriture et de théâtre s'enchaînent, enfants, anciens, intellectuels et analphabètes se réunissent, et de leurs mots naissent des pièces exportées au loin afin que les pensées circulent et fassent réseaux de citoyens. Villages et sites naturels sont mis en scène",misc,up1602
Alterlocal,3 chemin des Grèves 74960 Cran-Gevrier,45.90838,6.10307,,,http://alterlocal.org,"Créée en 2010, l’association Alterlocal a vu le jour de la volonté de quelques personnes d’ouvrir un lieu de rencontres, d’échanges de savoirs et de savoirs-faire (éducation populaire), d'accès à l'information alternative, et de luttes (contre le capitalisme et toute autre forme d'oppression, contre l'uniformisation, l'isolement...). Rien que ça ! Ce lieu, qui s'appelle Alterlocal également, a été créé et est ouvert à toutes et tous sur la commune de Cran-Gevrier (74)",misc,up1602
Carte du réseau des consommateurs responsables,Bruxelles et Wallonie,50.9198,4.16033,region,,http://www.asblrcr.be/carto,Cette carte recense 1015 alternatives de consommation responsable proposées par des groupes citoyens à Bruxelles et en Wallonie.,misc,list map up1601
Manifesten,"59 rue Thiers, Marseille",43.37009,5.34116,,,https://www.facebook.com/manifesten/,Bar · Librairie · Bibliothèque,misc,up1601
Liminbout,St Jean du Tertre,47.34718,-1.78779,,,http://qdeplomb.noblogs.org/,,misc,up1601
La Conjuration des fourneaux,"149 rue Saint-Hilaire, Rouen",49.44223,1.10446,,09 50 48 75 89 - laconjurationdesfourneaux@gmail.com,http://laconjurationdesfourneaux.blogspot.fr/,Cantine de Luxe et Littérature Explosive,misc,eat up1601
Barricade,"14 rue Aristide Olivier, Montpellier",43.60665,3.87956,,,https://www.facebook.com/BarricadeMontpellier,Local associatif autogéré avec buvette,misc,up1601
Vidéodrome 2,"49 Cours Julien, 13006 Marseille",43.29401,5.38148,,04 91 42 75 41,http://www.videodrome2.fr/,"VIDEODROME 2 est un café-cinéma dans le centre-ville de Marseille, sur le Cours Julien, qui réunit à la fois un vidéoclub, une librairie, un bistrot avec terrasse et une salle de cinéma.",misc,video up1601
Auch Territoire en Transition,"5 imp Fermat, Auch",43.65105,0.5808,region,auch.transition@gmail.com,http://www.auch.transitionfrance.fr/,"ATT est une association qui s'inscrit dans le mouvement des villes et territoire en transition. Nos actions: Incroyables comestibles, toilettes séches, véhicules partagés, ",misc,up1601
Abri des Possibles,1 place Barbes Auch,43.644636,0.588099,,contact@abridespossibles.fr,http://blog.abridespossibles.fr/,Café associatif,misc,slow creation up1601
Grez en Transition,Grez Doiceau,50.75003,4.61519,zone,info@grezentransition.be,http://www.grezentransition.be,Initiative de Transition depuis 2009,misc,slow up1601
Auroville,Inde,12.00712,75.32823,,,http://www.auroville.org,,misc,up1601
Cartographie des alternatives écolo et citoyennes du 06,Alpes Maritimes,43.87851,7.1205,region,,http://alpesvertes.org,Site ouvert et présenté lors d’Alternatiba à Mouans Sartoux.,misc,list map up1601
Café épicerie associatif de Menglon,Menglon,44.65661,5.43498,,,http://www.assolebocal.fr,"Plus qu’un simple commerce, le Bocal est un lieu de vie, d’échange et de partage, développé et soutenu par les usagers. Vous entrez comme consommateur, mais vous pouvez aussi (si vous le souhaitez, et seulement si vous le souhaitez) devenir acteur, moteur de ce lieu, par des propositions d’animations, de programmation. Cette structure n’a pas un but lucratif, mais humain. Une association permet de soutenir une économie et des valeurs sociales, locales et solidaires.",misc,up1601
Maison ouverte,17 rue Hoche 93100 Montreuil,48.86413,2.43549,,06 52 61 93 76 - lamaisonouverte93@gmail.com,http://lamaisonouvertedemontreuil.ouvaton.org,"Les activités culturelles, politiques, artistiques et sociales font vivre le projet de La MAISON OUVERTE depuis sa création, sous toutes les formes d’expression. On peut y rencontrer des groupes ou individus dont le projet, par la recherche critique et l’action, est de partager des solidarités, lutter contre toutes formes d’exclusion, transmettre leurs idées ou leur savoir s’organiser, partager des moments de convivialité, réfléchir afin de sortir des pensées normalisées, se détendre, se retrouver, faire exister leur propre projet, pour l’implanter ailleurs dans la cité...",misc,up1601
la Maison des Femmes de Montreuil,"28 rue de l'Eglise, 93100 Montreuil",48.8638,2.44146,,,http://www.maisondesfemmes.org/,"La Maison des Femmes de Montreuil est une association fondée sur les valeurs primordiales du féminisme et de l’universalisme... La Maison vous accueille du lundi au vendredi de 14h à 18h  pour s'informer, se former, se retrouver, rire et militer...    ",misc,genre love up1601
Maison populaire,9 bis rue Dombasle 93100 Montreuil,48.86422,2.44959,,01 42 87 08 68 - bonjour@maisonpop.fr,http://www.maisonpop.fr/,"Pop[lab] & AMAPOP - La Maison populaire est une association d’éducation populaire, elle accueille chaque saison plus de 2.300 adhérents, qui participent à la centaine d’ateliers d’expressions développés en direction des adultes et des enfants. Elle encourage ces pratiques amateurs, en les valorisant par l’expression scénique et des monstrations tout au long de l’année tout en créant la rencontre avec les artistes professionnels en résidence à la Maison populaire.",misc,up1601
Carte des Commerces acceptant la Pêche (monnaie locale),Montreuil,48.85616,2.41673,zone,,http://peche-monnaie-locale.fr/carte-osm_map/,"La monnaie locale est une solution locale pour répondre au désordre global : crise économique, crise écologique, crise politique",misc,map list up1610
Collectif 39 / Tardigrade,"39 rue de la solidarité, 93100 Montreuil",48.85331,2.43947,,,https://www.facebook.com/pages/Collectif-39/308284302654693,"Association de résidents, organisation de rencontres et événements pour les habitants du quartier, cantine, ciné clubs. On vous y accueille dans une ambiance chaleureuse et colorée les mercredis et jeudis de 7h à 20h30 et le dimanche de 12h à 20h30. Venez y petit-déjeuner, boire un thé ou un café, déjeuner et dîner à prix libre !",misc,eat up1601
Change de Cap,"Quartier les Plaines, 07260 Rosières",44.48405,4.26662,,,http://www.changedecap.fr/ - https://www.facebook.com/Changement-de-cap-406876089416932/,"Changement de Cap est un projet collectif, apolitique, laïque, autonome, écologique, solidaire et indépendant. Il fait, entre autre, partie de la grande famille de l'E.S.S (l'Economie Social et Solidaire). Il est soutenu et affilié de coeur par Le village Emmaüs Lescar Pau et Les Oasis en tous lieux des Colibris.",misc,up1601
La petite maison,"8, rue Godefroy Cavaignac 75011 Paris ",48.85441,2.37968,,,https://www.facebook.com/la.petite.maison.paris,"La Petite Maison a pour ambition d’être un lieu d’épanouissement et de partage, pour les projets et initiatives tant sociales qu’artistiques! Projections, Pâtisseries Party, Concerts, Exposition, Ciné Club, Future Atelier D’aquaponie, Vide Grenier…",misc,up1601
Cyclofficine Pantin,20 Rue Magenta Pantin,48.90067,2.39003,,,http://cyclocoop.org/,"Les associations Cyclofficine d'Ivry, Pantin et Paris étaient nées. Leur principal objet est la sensibilisation des citoyen·ne·s à l'usage du vélo au quotidien, en les accompagnant par une formation continue à l'entretien et au réemploi de leur moyen de transport privilégié. Les Cyclofficines souhaitent se présenter de façon claire aux administrations locales, en tant que projet d'économie sociale et solidaire, enrichissant la vie des quartiers par le partage d'expériences avec une approche radicalement neuve.",misc,move up1601
Cyclofficine Paris,15 rue Pierre Bonnard 75020 PARIS,48.85951,2.40131,,,http://cyclocoop.org/,"Les associations Cyclofficine d'Ivry, Pantin et Paris étaient nées. Leur principal objet est la sensibilisation des citoyen·ne·s à l'usage du vélo au quotidien, en les accompagnant par une formation continue à l'entretien et au réemploi de leur moyen de transport privilégié. Les Cyclofficines souhaitent se présenter de façon claire aux administrations locales, en tant que projet d'économie sociale et solidaire, enrichissant la vie des quartiers par le partage d'expériences avec une approche radicalement neuve.",misc,move up1601
Cyclofficine Ivry,6 bld de Brandebourg Ivry sur seine,48.81474,2.39906,,,http://cyclocoop.org/,"Les associations Cyclofficine d'Ivry, Pantin et Paris étaient nées. Leur principal objet est la sensibilisation des citoyen·ne·s à l'usage du vélo au quotidien, en les accompagnant par une formation continue à l'entretien et au réemploi de leur moyen de transport privilégié. Les Cyclofficines souhaitent se présenter de façon claire aux administrations locales, en tant que projet d'économie sociale et solidaire, enrichissant la vie des quartiers par le partage d'expériences avec une approche radicalement neuve.",misc,move up1601
Cyclofficine,3 rue de Noisy-le-Sec 75020 PARIS,48.87164,2.40901,,,http://cyclocoop.org/,"Les associations Cyclofficine d'Ivry, Pantin et Paris étaient nées. Leur principal objet est la sensibilisation des citoyen·ne·s à l'usage du vélo au quotidien, en les accompagnant par une formation continue à l'entretien et au réemploi de leur moyen de transport privilégié. Les Cyclofficines souhaitent se présenter de façon claire aux administrations locales, en tant que projet d'économie sociale et solidaire, enrichissant la vie des quartiers par le partage d'expériences avec une approche radicalement neuve.",misc,move up1601
Oh Cyclo,"4 rue Garibaldi, 93100 Montreuil",48.8555,2.42624,,,http://www.ohcyclo.org/,Atelier vélo solidaire et coopératif,misc,move up1601
Vîle fertile,"Jardin d’Agronomie Tropicale, aux confins du bois de Vincennes",48.83303,2.46469,,,http://www.vilefertile.paris/,"V’île Fertile est une micro-ferme maraîchère associative située au Jardin d’Agronomie Tropicale, aux confins du bois de Vincennes. Nous produisons collectivement des légumes frais, sains, décarbonés, en tirant partie des ressources organiques de la ville et les vendons au détail sur place. Nous sommes ouverts les weekends et jours fériés de 13 à 18h.",misc,agriculture up1601
La petite Librairie,"4 bis rue Danton, 29200 Brest",48.39588,-4.48295,,,http://www.lapetitelibrairie.net/,,misc,text words up1601
Le Local Autogéré,"7 rue Pierre Dupont, 38100 Grenoble",45.18135,5.71317,,,http://www.lustucrust.org/localautogere_presentation.html,"Le local autogéré est un lieu d'activité, de rencontres, de luttes, d'échange et de diffusion d'information. Nous proposons dans ce programme diverses soirées et activités mais vous pouvez passer pendant les permanences pour lire des brochures et des bouquins, aller sur Internet, faire une affiche, écouter des disques en buvant un café, etc…",misc,up1601
Centre Culturel Libertaire,"4 rue de Colmar, 59000 Lille",50.62027,3.04984,,,http://lille.cybertaria.org/rubrique11.html,"Lieu autogéré, sans hiérarchie, ni autorité créé en 1987",misc,up1601
L'Insoumise,"10 rue d’Arras, Lille",50.62387,3.06555,,,http://www.linsoumiselille.net,"Au 10, rue d’Arras, une bouquinerie a tenu le pavé pendant plus de quinze ans. Moins d’un an après sa fermeture, nous décidons de rouvrir ce lieu chargé d’une mémoire subversive. Et parce que la propriété nous emmerde, nous l’occupons désormais sans droit ni titre. Dissidente de par son occupation, nous la voulons animée par la vitalité de l’esprit critique. Des projections de films, des présentations de bouquins, des discussions, des ateliers, tout est prétexte pour se rencontrer et nourrir des complicités portées par la nécessité d’émancipation d’un monde qui ne laisse de place qu’à la marchandise.",misc,group up1601
La Gryffe,"5 rue Sébastien Gryphe, 69007 Lyon",45.75352,4.8437,,,http://lagryffe.net/,Librairie Libertaire,misc,text words up1601
La Luttine,"91 rue Montesquieu, Lyon",45.75046,4.84446,,,https://laluttine.wordpress.com/,"La Luttine est un espace associatif autogéré qui sert depuis 2006 de lieu de réunion & d’activités pour différents collectifs. Nous nous trouvons au rez-de-chaussée de la Duende, immeuble anciennement squatté à l’histoire riche en péripéties. Nous partageons nos locaux avec l’atelier de sérigraphie collectif & autogéré Black Screen.",misc,group up1601
Le Seul Problème,"46, rue Consolat, 13001 Marseille",43.30017,5.3854,,,http://juralibertaire.over-blog.com/article-30384066.html,"Social et autogéré parce que nous vivons une expérience collective et affinitaire. Pour l’émancipation des individus. Social et autogéré parce qu’on estime avoir assez de ressources pour ne dépendre d’aucune institution, quelle qu’elle soit. Nous faisons nous-même ce que nous pouvons et voulons faire. Pour le DIY. Social et autogéré parce que comme nous ne voulons intervenir dans les luttes et pratiques de personne pour leur dicter leur conduite, nous ne voulons que personne ne vienne nous dicter nos luttes, nos pratiques, ni une quelconque conduite. Pour l’autodétermination des luttes.",misc,group up1601
L'Équitable Café,"54 cours Julien, 13006 Marseille",43.29439,5.3805,,,http://equitablecafe.org/,"Médias libres, projections, débats, revues alternatives",misc,up1601
Bibliothèque associative de Malakoff,"14 impasse Carnot, Malakoff",48.81585,2.29836,,,http://www.b-a-m.org/,,misc,up1601
La Parole Errante et la Librairie Michèle Firk,"9, rue François Debergue, 93100 Montreuil ",48.85796,2.43684,,,http://www.la-parole-errante.org/,,misc,up1601
B17,"17 rue Paul Bellamy, 44000 Nantes",47.2217481,-1.5588,,,http://bellamy17.free.fr/,"C'est un lieu collectif autogéré et sans aucune subvention. Il réunit associations, individus, groupes multiples et variés. Il est géré par un collectif de personnes et d'associations qui anime ce local en respectant les principes suivants : Promouvoir une alternative à l'économie de profit, Favoriser l'émancipation des individuEs, Démystifier et échanger les savoirs et savoir-faire, Pratiquer la solidarité et l'ouverture à toutes et tous sans discrimination, S'impliquer dans toute initiative sociale et culturelle allant dans le sens des principes énoncés ci-dessus.",misc,group up1601
Librairie La Brèche,"27, rue Taine 75012 Paris",48.83873,2.39101,,,http://www.la-breche.com,,misc,text words up1601
Le Kiosk,"21 ter rue voltaire, 75011 Paris",48.85272,2.38946,,,http://nopasaran.samizdat.net/spip.php?article874,,misc,text words up1601
Lady Long Solo,"38 rue Keller, 75011 paris",48.85565,2.37301,,,http://ladylongsolo.com/,,misc,text words up1601
Librairie Publico,"145 rue Amelot, 75011 Paris",48.86508,2.3639,,,http://www.librairie-publico.com/,,misc,text words up1601
Librairie Quilombo,"23 rue Voltaire, 75011 Paris",48.85299,2.3903,,,http://www.librairie-quilombo.org/,,misc,text words up1601
Thé Troc,"52 Rue Jean-Pierre Timbaud, 75011 Paris",48.86655,2.37086,,,https://www.facebook.com/pages/The-Troc/144081858967824,,misc,text words up1601
Le merle moqueur,"51 rue de Bagnolet, 75020 Paris",48.8571,2.39571,,,https://www.lemerlemoqueur.fr,,misc,text words up1601
Le Monte-en-l'air,"71 rue de Ménilmontant, 75020 Paris",48.86854,2.38635,,,https://montenlair.wordpress.com/,"Une librairie atypique avec 22 000 références, un fonds exceptionnel en livres d’images avec des imports, des fanzines, des sérigraphies, de la BD, du dessin, de l’illustration, du graphisme, de la photo mais aussi des sciences humaines et sociales, de la littérature, de la poésie et de la jeunesse.",misc,text words up1601
Le cri du peuple,"67 av. Jean Jaurès, Reims",49.25933,4.04212,,lecridupeuple51@yahoo.fr,http://lecridupeuple.over-blog.net/,Local associatif autogestionnaire et librairie anarchiste,misc,words up1601
Librairie Alphagraph,"5 Rue d'Échange, 35000 Rennes",48.11491,-1.68439,,,,,misc,words up1601
Librairie des cordeliers,"7 côte des cordeliers, Romans-sur-Isère",45.04362,5.0491,,,http://librairielescordeliers.hautetfort.com/,,misc,words text up1601
La gueule noire,"16 rue du Mont, 42000 Saint Etienne",45.43564,4.38307,,,http://www.lagueulenoire.org,"Ce local est une «fédération» de collectifs et d’individu‐e‐s militant‐e‐s réuni‐e‐s autour de valeurs communes libertaires. La mise en place de ce projet a permis de rassembler des personnes engagées venant de tous horizons dans une volonté commune de partager nos expériences de vie, nos expériences de militantisme, de résistance. Nous voulons créer du lien entre ces luttes pour consolider le réseau déjà existant sur Saint‐Étienne.",misc,group up1601
Carte de la Transition dans le 18e,75018 Paris,48.8912,2.3392,zone,,https://quartiersentransition.wordpress.com/cartographie-de-la-transition-dans-le-18eme-arrondissement/,"La transition en action dans le 18ème arrondissement. Quartiers en Transition  propose une cartographie des lieux où actions et initiatives en lien avec ce mouvement sont répertoriées : AMAP, jardins partagés, centres d’animation, régies de quartier, lieux alternatifs culturels, vente et récupération de vêtements, meubles, livres…",misc,map list up1601
La planisphère renversante ! (GOUTEVERNISSE),31310 GOUTEVERNISSE,43.2138,1.1379,,Loïc - zgalki [arobase] filibert  [point] fr - 06 01 88 89 17,,Vente de LA planisphère ! cf http://les-volets-jaunes.org/planispheres-renversantes/,misc,map up1510
La planisphère renversante ! (SAINT-MOREIL),SAINT-MOREIL,45.8639,1.6602,city,Alexis - lecointe [point] alexis [arobase] gmail [point] com - 07 82 26 04 56,,Vente de LA planisphère ! cf http://les-volets-jaunes.org/planispheres-renversantes/,misc,map up1510
La planisphère renversante ! (NANTES),NANTES,47.2326,-1.6165,city,David - david [arobase] mercereau [point] info - 06 63 69 16 04,,Vente de LA planisphère ! cf http://les-volets-jaunes.org/planispheres-renversantes/,misc,map up1510
La planisphère renversante ! (RENNES),RENNES,48.1184,-1.7485,city,Laure - lcrombe [arobase] riseup [point] net - 06 43 94 70 46,,Vente de LA planisphère ! cf http://les-volets-jaunes.org/planispheres-renversantes/,misc,map up1510
La planisphère renversante ! (CHARENTON),CHARENTON,48.8231,2.3896,city,Hélène - h [point] fougerol  [arobase] orange  [point] fr - 06 71 48 53 27,,Vente de LA planisphère ! cf http://les-volets-jaunes.org/planispheres-renversantes/,misc,map up1510
La planisphère renversante ! (CALAIS),CALAIS,50.9469,1.8013,city,Benjamin - benjamin [arobase] sphax3d [point] org - 06 65 26 69 81,,Vente de LA planisphère ! cf http://les-volets-jaunes.org/planispheres-renversantes/,misc,map up1510
 Maison des Babayagas,"6-8 rue de la Convention, 93100 Montreuil",48.863,2.4405,,,http://www.bastamag.net/Babayagas-l-utopie-d-une-maison-de - http://www.lamaisondesbabayagas.fr,"La maison des Babayagas est un lieu de vie pour des vieilles femmes, auto-gérées, citoyennes solidaires, laïques et d’orientation écologique. ",misc,genre group
Jardin du vieux Poirier,"26 Rue de Meaux, 93220 Gagny",48.8749,2.5521,,,http://blog.gagny-abbesses.info/ - https://www.facebook.com/Le-jardin-du-vieux-poirier-et-lassociation-des-Abbesses-de-Gagny-Chelles-196769217138807/,Un jardin naturel en ville !,misc,agriculture space
Cap ou pas Cap - Carte des alternatives citoyennes à Paris,"Maison Des Associations du 4ème, 38 Boulevard Henri IV, 75004 paris",48.8521,2.3643,region,information@capoupascap.info ,http://capoupascap.paris/cartographie,"Cap ou pas Cap est un catalyseur d'alternatives citoyennes qui a pour mission de favoriser leur connaissance, leur mutualisation et leur développement à Paris",misc,map list
Carte des initiatives du Val d’Yerres – Sénart-Val de Seine,Val d-Yerres - Sénart Val de Seine,48.6796,2.5224,region,,http://www.territoiresenliens91.org/carte-des-initiatives-du-val-dyerres-senart-val-de-seine/ - http://www.territoiresenliens91.org,"Retrouvez et recensez ici les initiatives du territoire, en matière de solidarités, de défense de l’environnement, d’économie sociale et solidaire",misc,map list
Carte des alternatives - Transition Citoyenne,Metz,49.1048,6.1264,region,,https://www.google.com/maps/d/viewer?mid=zkGQKvO-3kSM.kNkOXQD2lHJk,Carte des alternatives à Metz et aux alentours (collectif pour une transition citoyenne),misc,map list
Casa Poblano,"15 rue Lavoisier, Montreuil",48.8539,2.4184,,,https://www.facebook.com/CASA.Poblano,(fermé) Bar restaurant associatif,misc,eat off201510
Le Merle Moqueur,"3 Rue Lamartine, 32000 Auch",43.647,0.5833,,05 62 05 03 18,,Bar / bilbliothèque / librairie,misc,words eat
Le Migou,"27 Rue Dessoles, 32000 Auch, France",43.6478,0.584,,05 62 05 47 07,https://www.facebook.com/Le-Migou-189722301049527/,Librairie,misc,words
La mémoire du monde,"36 Rue Carnot, 84000 Avignon",43.949,4.8079,,04 90 85 96 76,http://www.librairie-paca.com/Avignon/La-Memoire-du-monde,Librairie,misc,words
Le Remouleur,"rue Victor Hugo, Bagnolet",48.8581,2.4223,,,https://infokiosques.net/le_remouleur,Librairie autogérée de critique sociale,misc,words subsist
l’autodidacte,5 rue Marulaz 25000 Bensançon,47.2395,6.0157,,03 81 82 14 94,http://www.lautodidacte.lautre.net,Librairie associative,misc,words
la librairie du muguet,7 rue du Muguet à Bordeaux,44.8374,-0.5706,,librairiedumuguet@no-log.org - 09 54 27 20 59,http://www.atheneelibertaire.net/index.php/librairie-du-muguet,"La librairie du muguet ne propose que des ouvrages parus chez des éditeurs indépendants. Vous pouvez notamment y trouver les Editions Agone, Libertalia, L'esprit Frappeur,les Editions libertaires, les éditions de la CNT, Raisons d'Agir, Aden, L'insomniaque, les Editions du Monde Libertaire... La librairie du Muguet distribue également des journaux et des magazines comme Article 11, Barricata, No Pasaran, Offensive...",misc,words
Le Contrepied,"10 basse rue, 35250 SAINT-GERMAIN-SUR-ILLE",48.2461,-1.655,,,http://www.lecontrepied.org,"Le Contrepied, c’est une partie de l’équipe de la SCOP Le Pavé, créée en 2007 et dissoute fin 2014.",misc,education active15
Ferme de la Mhotte,"Ferme de la Mhotte, 03210 Saint Menoux",46.5742,3.1112,,http://www.fermedelamhotte.fr/,,"La Ferme de La Mhotte est un groupe d’habitants et d’actifs qui organisent ensemble leurs usages pour faire émerger un projet social évolutif à la croisée du culturel, de l’agricole et du pédagogique.",misc,object creation active15
La Fée Nadou,"La Cantine, 30530 L’Affenadou",44.2467,4.0494,city,,http://www.lafeenadou.com,"La Fée Nadou, association de la loi 1901, site et lieu de résidence artistique basée sur la commune de Portes dans le village de l’Affenadou, accueille compagnies et artistes de tous horizons pour un moment de création, d’échange et de rencontre.",misc,creation active15
